utc, from_user, to_user, amount, currency, sub_reddit
2023-09-27 01:07:22, /u/RollingSkull0, /u/saintajoras, 2345, Bitcone, r/ConeHeads
2023-09-27 01:59:40, /u/DramaticProtogen, /u/saintajoras, 2663, Bitcone, r/ConeHeads
2023-09-27 02:00:42, /u/_ships, /u/Own_Ad_4269, 2663, Bitcone, r/ConeHeads
2023-09-27 02:05:57, /u/0xWednesdei, /u/pythonskynet, 420, Bitcone, r/ConeHeads
2023-09-27 02:19:44, /u/Complete-Tadpole-728, /u/Own_Ad_4269, 420, Bitcone, r/ConeHeads
2023-09-27 02:19:58, /u/zdubs, /u/_ships, 608, Bitcone, r/ConeHeads
2023-09-27 02:20:03, /u/Complete-Tadpole-728, /u/zdubs, 420, Bitcone, r/ConeHeads
2023-09-27 02:23:35, /u/_ships, /u/zdubs, 2663, Bitcone, r/ConeHeads
2023-09-27 02:44:22, /u/Parush9, /u/birdwastheword, 420, Bitcone, r/ConeHeads
2023-09-27 02:52:02, /u/IveDoneItAtLast, /u/Snek-Life, 2773, Bitcone, r/ConeHeads
2023-09-27 03:45:49, /u/CrossPuffs, /u/send420nudes, 420, Bitcone, r/ConeHeads
2023-09-27 03:56:11, /u/beanwiggin420, /u/pythonskynet, 69, Bitcone, r/ConeHeads
2023-09-27 04:37:17, /u/S2K08, /u/SammyCraigar, 666, Bitcone, r/ConeHeads
2023-09-27 04:49:49, /u/stockyewok, /u/zdubs, 420, Bitcone, r/ConeHeads
2023-09-27 05:18:46, /u/Bobby_Juk, /u/Own_Ad_4269, 10000, Bitcone, r/ConeHeads
2023-09-27 05:35:47, /u/Bobby_Juk, /u/Swoopscooter, 420, Bitcone, r/ConeHeads
2023-09-27 05:53:57, /u/Bobby_Juk, /u/zdubs, 420, Bitcone, r/ConeHeads
2023-09-27 06:25:34, /u/AustinTX1985, /u/Own_Ad_4269, 250000, Bitcone, r/ConeHeads
2023-09-27 06:47:13, /u/83nno, /u/ShortBusCult, 100, Bitcone, r/ConeHeads
2023-09-27 06:57:43, /u/IveDoneItAtLast, /u/TheyAskWho, 608, Bitcone, r/ConeHeads
2023-09-27 07:22:00, /u/Bobby_Juk, /u/DizzyMammoth21, 420, Bitcone, r/ConeHeads
2023-09-27 07:25:24, /u/Bobby_Juk, /u/Korean_Street_Pizza, 420, Bitcone, r/ConeHeads
2023-09-27 07:34:53, /u/nakamo-toe, /u/crypto_grandma, 26630, Bitcone, r/ConeHeads
2023-09-27 07:40:04, /u/crypto_grandma, /u/nakamo-toe, 23232, Bitcone, r/ConeHeads
2023-09-27 07:40:05, /u/Alanski22, /u/subredditlurker69, 5000, Bitcone, r/ConeHeads
2023-09-27 07:49:04, /u/junkwatch, /u/Successful-Walk-3902, 69, Bitcone, r/ConeHeads
2023-09-27 07:50:33, /u/Bobby_Juk, /u/crypto_grandma, 420, Bitcone, r/ConeHeads
2023-09-27 07:52:16, /u/Unlucky_Narwhal3983, /u/Snek-Life, 69, Bitcone, r/ConeHeads
2023-09-27 08:01:45, /u/crypto_grandma, /u/Bobby_Juk, 2663, Bitcone, r/ConeHeads
2023-09-27 08:06:14, /u/crypto_grandma, /u/enjoyoooor, 4269, Bitcone, r/ConeHeads
2023-09-27 08:13:08, /u/snek_oil_, /u/crypto_grandma, 69, Bitcone, r/ConeHeads
2023-09-27 08:17:31, /u/crypto_grandma, /u/snek_oil_, 2663, Bitcone, r/ConeHeads
2023-09-27 08:19:39, /u/crypto_grandma, /u/ValiantJudge29500, 2663, Bitcone, r/ConeHeads
2023-09-27 08:20:52, /u/ValiantJudge29500, /u/crypto_grandma, 5000, Bitcone, r/ConeHeads
2023-09-27 08:22:05, /u/crypto_grandma, /u/ValiantJudge29500, 10000, Bitcone, r/ConeHeads
2023-09-27 08:39:36, /u/ValiantJudge29500, /u/crypto_grandma, 1, Bitcone, r/ConeHeads
2023-09-27 09:03:32, /u/crypto_grandma, /u/poyoso, 2663, Bitcone, r/ConeHeads
2023-09-27 09:24:41, /u/send420nudes, /u/crypto_grandma, 4269, Bitcone, r/ConeHeads
2023-09-27 09:30:35, /u/crypto_grandma, /u/send420nudes, 6942, Bitcone, r/ConeHeads
2023-09-27 09:41:54, /u/junkwatch, /u/noface_reddit, 420, Bitcone, r/ConeHeads
2023-09-27 09:46:16, /u/shiesto, /u/theindoshow, 42069, Bitcone, r/MemeticTraders
2023-09-27 09:46:59, /u/shiesto, /u/Ashamed_Raccoon9918, 42069, Bitcone, r/MemeticTraders
2023-09-27 09:53:16, /u/noface_reddit, /u/junkwatch, 2663, Bitcone, r/ConeHeads
2023-09-27 09:58:21, /u/crypto_grandma, /u/Degos_diktator, 2663, Bitcone, r/ConeHeads
2023-09-27 10:16:41, /u/cutsickass, /u/noface_reddit, 5000, Bitcone, r/ConeHeads
2023-09-27 10:22:35, /u/noface_reddit, /u/milesracer, 42069, Bitcone, r/ConeHeads
2023-09-27 10:27:38, /u/noface_reddit, /u/cutsickass, 2663, Bitcone, r/ConeHeads
2023-09-27 10:39:43, /u/noface_reddit, /u/doctorwho_cares, 26630, Bitcone, r/ConeHeads
2023-09-27 10:49:31, /u/nakamo-toe, /u/enjoyoooor, 2663, Bitcone, r/ConeHeads
2023-09-27 10:56:30, /u/enjoyoooor, /u/nakamo-toe, 69, Bitcone, r/ConeHeads
2023-09-27 10:57:14, /u/Own_Ad_4269, /u/waterhasnocalories, 2069, Bitcone, r/ConeHeads
2023-09-27 10:59:04, /u/Own_Ad_4269, /u/WiseDude69, 2069, Bitcone, r/ConeHeads
2023-09-27 11:02:48, /u/002_timmy, /u/crypto_grandma, 608, Bitcone, r/ConeHeads
2023-09-27 11:02:59, /u/Bobby_Juk, /u/stockyewok, 420, Bitcone, r/ConeHeads
2023-09-27 11:19:49, /u/Lillica_Golden_SHIB, /u/crypto_grandma, 69, Bitcone, r/ConeHeads
2023-09-27 11:27:39, /u/crypto_grandma, /u/002_timmy, 2663, Bitcone, r/ConeHeads
2023-09-27 11:28:17, /u/crypto_grandma, /u/Lillica_Golden_SHIB, 2663, Bitcone, r/ConeHeads
2023-09-27 11:36:39, /u/RegalReptile_, /u/Ginomania, 2663, Bitcone, r/ConeDesk
2023-09-27 11:41:18, /u/VIVOffical, /u/SamDaPlug, 10000, Bitcone, r/Bucketheads
2023-09-27 11:43:55, /u/Korean_Street_Pizza, /u/Dangana1, 2663, Bitcone, r/ConeHeads
2023-09-27 11:44:14, /u/LongCauliflower6791, /u/Dangana1, 2663, Bitcone, r/ConeHeads
2023-09-27 11:45:43, /u/send420nudes, /u/Dangana1, 4269, Bitcone, r/ConeHeads
2023-09-27 11:46:22, /u/Riviera20, /u/crypto_grandma, 2663, Bitcone, r/ConeHeads
2023-09-27 11:47:44, /u/Puddin-Luv, /u/Dangana1, 2663, Bitcone, r/ConeHeads
2023-09-27 11:53:02, /u/Puddin-Luv, /u/noface_reddit, 2663, Bitcone, r/ConeHeads
2023-09-27 11:56:31, /u/crypto_grandma, /u/Riviera20, 6942, Bitcone, r/ConeHeads
2023-09-27 12:06:51, /u/Puddin-Luv, /u/crypto_grandma, 2663, Bitcone, r/ConeHeads
2023-09-27 12:07:53, /u/VIVOffical, /u/SamDaPlug, 100000, Bitcone, r/Bucketheads
2023-09-27 12:26:52, /u/crypto_grandma, /u/Puddin-Luv, 6942, Bitcone, r/ConeHeads
2023-09-27 12:37:02, /u/noface_reddit, /u/Dangana1, 42069, Bitcone, r/ConeHeads
2023-09-27 12:38:20, /u/noface_reddit, /u/Puddin-Luv, 4200, Bitcone, r/ConeHeads
2023-09-27 12:39:01, /u/noface_reddit, /u/chuloreddit, 4200, Bitcone, r/ConeHeads
2023-09-27 12:41:26, /u/noface_reddit, /u/transfermymoons, 3030, Bitcone, r/ConeHeads
2023-09-27 12:47:12, /u/192000Hertz, /u/paracord-bracelets, 2663, Bitcone, r/ConeHeads
2023-09-27 12:49:03, /u/djrcollectables, /u/Swoopscooter, 2663, Bitcone, r/ConeHeads
2023-09-27 12:53:51, /u/Bitdream200K, /u/Allions1, 26630, Bitcone, r/ConeHeads
2023-09-27 13:00:49, /u/IveDoneItAtLast, /u/Ginomania, 2663, Bitcone, r/ConeDesk
2023-09-27 13:01:11, /u/send420nudes, /u/Allions1, 4269, Bitcone, r/ConeHeads
2023-09-27 13:04:40, /u/TummyLice, /u/Abrantee1, 6669, Bitcone, r/ConeHeads
2023-09-27 13:05:19, /u/RegalReptile_, /u/Dangana1, 101, Bitcone, r/ConeHeads
2023-09-27 13:11:59, /u/SammyCraigar, /u/Dangana1, 26630, Bitcone, r/ConeHeads
2023-09-27 13:12:22, /u/Bobby_Juk, /u/Dangana1, 420, Bitcone, r/ConeHeads
2023-09-27 13:12:58, /u/noface_reddit, /u/paracord-bracelets, 50000, Bitcone, r/ConeHeads
2023-09-27 13:19:18, /u/SammyCraigar, /u/PoojaaPriyaa, 26630, Bitcone, r/ConeHeads
2023-09-27 13:24:29, /u/Truffle_Shuffle_85, /u/Allions1, 2663, Bitcone, r/ConeHeads
2023-09-27 13:24:34, /u/Torporific1, /u/crypto_grandma, 2663, Bitcone, r/ConeHeads
2023-09-27 13:27:15, /u/crypto_grandma, /u/Torporific1, 6942, Bitcone, r/ConeHeads
2023-09-27 13:30:58, /u/noface_reddit, /u/Degos_diktator, 42000, Bitcone, r/ConeHeads
2023-09-27 13:32:31, /u/DogSpark84, /u/83nno, 608, Bitcone, r/ConeHeads
2023-09-27 13:35:55, /u/noface_reddit, /u/Allions1, 2663, Bitcone, r/ConeHeads
2023-09-27 13:44:23, /u/Poyal_Rines, /u/nakamo-toe, 420, Bitcone, r/ConeHeads
2023-09-27 13:46:07, /u/nakamo-toe, /u/Abrantee1, 2663, Bitcone, r/ConeHeads
2023-09-27 13:46:51, /u/nakamo-toe, /u/Abrantee1, 2663, Bitcone, r/ConeHeads
2023-09-27 13:47:51, /u/nakamo-toe, /u/ZoomLong, 26630, Bitcone, r/ConeHeads
2023-09-27 13:50:40, /u/Significant_Talk4943, /u/Dangana1, 1000, Bitcone, r/ConeHeads
2023-09-27 13:52:47, /u/Bobby_Juk, /u/NachosforDachos, 420, Bitcone, r/ConeHeads
2023-09-27 13:53:15, /u/Allions1, /u/dogheads2, 69, Bitcone, r/ConeHeads
2023-09-27 14:01:14, /u/final_lionel, /u/Dangana1, 1, Bitcone, r/ConeHeads
2023-09-27 14:02:14, /u/tiger1647, /u/SammyCraigar, 420, Bitcone, r/ConeHeads
2023-09-27 14:02:25, /u/tiger1647, /u/TheWelshOne83, 420, Bitcone, r/ConeHeads
2023-09-27 14:02:48, /u/tiger1647, /u/Significant_Talk4943, 420, Bitcone, r/ConeHeads
2023-09-27 14:04:03, /u/IveDoneItAtLast, /u/PoojaaPriyaa, 6008, Bitcone, r/ConeHeads
2023-09-27 14:06:55, /u/junkwatch, /u/Dangana1, 69, Bitcone, r/ConeHeads
2023-09-27 14:08:43, /u/junkwatch, /u/Bitdream200K, 69, Bitcone, r/ConeHeads
2023-09-27 14:18:44, /u/192000Hertz, /u/Dangana1, 2663, Bitcone, r/ConeHeads
2023-09-27 14:28:00, /u/djrcollectables, /u/ZoomLong, 2663, Bitcone, r/ConeHeads
2023-09-27 14:42:29, /u/Autom4tic_Soze, /u/Allions1, 2663, Bitcone, r/ConeHeads
2023-09-27 14:44:45, /u/Significant_Talk4943, /u/Allions1, 420, Bitcone, r/ConeHeads
2023-09-27 14:51:11, /u/snek_oil_, /u/noface_reddit, 420, Bitcone, r/ConeHeads
2023-09-27 14:54:43, /u/Atorcran, /u/Allions1, 194, Bitcone, r/ConeHeads
2023-09-27 14:58:25, /u/Burzzzt88, /u/Dangana1, 69, Bitcone, r/ConeHeads
2023-09-27 15:15:55, /u/VIVOffical, /u/Allions1, 5080, Bitcone, r/ConeDesk
2023-09-27 15:18:54, /u/VIVOffical, /u/Dangana1, 2663, Bitcone, r/ConeHeads
2023-09-27 15:20:26, /u/LaPantheRose, /u/paracord-bracelets, 42069, Bitcone, r/ConeHeads
2023-09-27 15:24:23, /u/VIVOffical, /u/Jeff5704, 2663, Bitcone, r/ConeHeads
2023-09-27 15:24:41, /u/LaPantheRose, /u/SamDaPlug, 4269, Bitcone, r/Bucketheads
2023-09-27 15:34:03, /u/Bobby_Juk, /u/Jeff5704, 420, Bitcone, r/ConeHeads
2023-09-27 15:36:22, /u/thelonliestcrowd, /u/Jeff5704, 2663, Bitcone, r/ConeHeads
2023-09-27 15:39:47, /u/noface_reddit, /u/Ginomania, 4200, Bitcone, r/ConeDesk
2023-09-27 15:43:03, /u/noface_reddit, /u/Jeff5704, 2663, Bitcone, r/ConeHeads
2023-09-27 15:45:44, /u/noface_reddit, /u/snek_oil_, 26630, Bitcone, r/ConeHeads
2023-09-27 15:46:44, /u/noface_reddit, /u/final_lionel, 42000, Bitcone, r/ConeHeads
2023-09-27 15:53:17, /u/crodbtc, /u/cannainform2, 2663, Bitcone, r/ConeHeads
2023-09-27 15:55:08, /u/VIVOffical, /u/send420nudes, 420, Bitcone, r/ConeHeads
2023-09-27 15:55:08, /u/crodbtc, /u/PoojaaPriyaa, 5000, Bitcone, r/ConeHeads
2023-09-27 15:55:56, /u/crodbtc, /u/TheWelshOne83, 2663, Bitcone, r/ConeHeads
2023-09-27 15:57:14, /u/cannainform2, /u/crodbtc, 5326, Bitcone, r/ConeHeads
2023-09-27 15:57:43, /u/ultra_terrestrial, /u/Dangana1, 608, Bitcone, r/ConeHeads
2023-09-27 15:58:23, /u/ultra_terrestrial, /u/noface_reddit, 608, Bitcone, r/ConeHeads
2023-09-27 16:01:02, /u/ZukoBih, /u/Jeff5704, 420, Bitcone, r/ConeHeads
2023-09-27 16:06:04, /u/Fenrir-1919, /u/Ginomania, 2663, Bitcone, r/ConeDesk
2023-09-27 16:06:09, /u/thelonliestcrowd, /u/cannainform2, 2663, Bitcone, r/ConeHeads
2023-09-27 16:06:27, /u/djrcollectables, /u/TheWelshOne83, 608, Bitcone, r/ConeHeads
2023-09-27 16:06:28, /u/WiseDude69, /u/cannainform2, 69, Bitcone, r/ConeHeads
2023-09-27 16:08:41, /u/noface_reddit, /u/final_lionel, 100000, Bitcone, r/ConeHeads
2023-09-27 16:08:50, /u/djrcollectables, /u/cannainform2, 2663, Bitcone, r/ConeHeads
2023-09-27 16:10:33, /u/WiseDude69, /u/Allions1, 2663, Bitcone, r/ConeHeads
2023-09-27 16:10:55, /u/LongCauliflower6791, /u/cannainform2, 12345, Bitcone, r/ConeHeads
2023-09-27 16:13:37, /u/HippieStarTraveler, /u/cannainform2, 69, Bitcone, r/ConeHeads
2023-09-27 16:18:32, /u/cannainform2, /u/thelonliestcrowd, 5326, Bitcone, r/ConeHeads
2023-09-27 16:18:42, /u/investigator100, /u/LongCauliflower6791, 2663, Bitcone, r/ConeHeads
2023-09-27 16:19:23, /u/cannainform2, /u/djrcollectables, 5326, Bitcone, r/ConeHeads
2023-09-27 16:19:27, /u/cannainform2, /u/HippieStarTraveler, 138, Bitcone, r/ConeHeads
2023-09-27 16:19:29, /u/Lillica_Golden_SHIB, /u/cannainform2, 69, Bitcone, r/ConeHeads
2023-09-27 16:20:32, /u/cannainform2, /u/Lillica_Golden_SHIB, 138, Bitcone, r/ConeHeads
2023-09-27 16:22:57, /u/ashinamune, /u/Jeff5704, 2663, Bitcone, r/ConeHeads
2023-09-27 16:23:10, /u/LongCauliflower6791, /u/investigator100, 2663, Bitcone, r/ConeHeads
2023-09-27 16:35:20, /u/Complete-Tadpole-728, /u/milesracer, 420, Bitcone, r/ConeHeads
2023-09-27 16:38:18, /u/Atorcran, /u/cannainform2, 69, Bitcone, r/ConeHeads
2023-09-27 16:38:23, /u/Complete-Tadpole-728, /u/Allions1, 420, Bitcone, r/ConeHeads
2023-09-27 16:39:19, /u/Complete-Tadpole-728, /u/Dangana1, 420, Bitcone, r/ConeHeads
2023-09-27 16:39:45, /u/Complete-Tadpole-728, /u/Jeff5704, 420, Bitcone, r/ConeHeads
2023-09-27 16:40:35, /u/Complete-Tadpole-728, /u/cannainform2, 420, Bitcone, r/ConeHeads
2023-09-27 16:41:11, /u/Complete-Tadpole-728, /u/Dangana1, 420, Bitcone, r/ConeHeads
2023-09-27 16:46:03, /u/Complete-Tadpole-728, /u/noface_reddit, 420, Bitcone, r/ConeHeads
2023-09-27 16:46:42, /u/Complete-Tadpole-728, /u/LongCauliflower6791, 420, Bitcone, r/ConeHeads
2023-09-27 16:47:09, /u/Complete-Tadpole-728, /u/send420nudes, 420, Bitcone, r/ConeHeads
2023-09-27 16:47:23, /u/Complete-Tadpole-728, /u/crypto_grandma, 2663, Bitcone, r/ConeHeads
2023-09-27 16:47:59, /u/Complete-Tadpole-728, /u/paracord-bracelets, 420, Bitcone, r/ConeHeads
2023-09-27 16:48:09, /u/Complete-Tadpole-728, /u/saintajoras, 420, Bitcone, r/ConeHeads
2023-09-27 16:48:44, /u/Complete-Tadpole-728, /u/Abrantee1, 420, Bitcone, r/ConeHeads
2023-09-27 16:49:57, /u/Complete-Tadpole-728, /u/Skank_cunt_42, 420, Bitcone, r/ConeHeads
2023-09-27 16:50:06, /u/Complete-Tadpole-728, /u/ValiantJudge29500, 420, Bitcone, r/ConeHeads
2023-09-27 16:50:24, /u/Complete-Tadpole-728, /u/NachosforDachos, 420, Bitcone, r/ConeHeads
2023-09-27 16:51:00, /u/Complete-Tadpole-728, /u/GooderZBK, 420, Bitcone, r/ConeHeads
2023-09-27 16:51:05, /u/Complete-Tadpole-728, /u/XoooX24, 420, Bitcone, r/ConeHeads
2023-09-27 16:51:31, /u/crypto_grandma, /u/Complete-Tadpole-728, 6942, Bitcone, r/ConeHeads
2023-09-27 16:54:05, /u/Complete-Tadpole-728, /u/WiseDude69, 5000, Bitcone, r/ConeHeads
2023-09-27 16:55:49, /u/Complete-Tadpole-728, /u/ZoomLong, 5000, Bitcone, r/ConeHeads
2023-09-27 16:56:33, /u/Complete-Tadpole-728, /u/Korean_Street_Pizza, 2663, Bitcone, r/ConeHeads
2023-09-27 16:56:47, /u/Complete-Tadpole-728, /u/stockyewok, 420, Bitcone, r/ConeHeads
2023-09-27 16:57:38, /u/Complete-Tadpole-728, /u/Swoopscooter, 420, Bitcone, r/ConeHeads
2023-09-27 16:57:39, /u/Complete-Tadpole-728, /u/Successful-Walk-3902, 420, Bitcone, r/ConeHeads
2023-09-27 16:58:10, /u/Complete-Tadpole-728, /u/DizzyMammoth21, 420, Bitcone, r/ConeHeads
2023-09-27 16:58:54, /u/Complete-Tadpole-728, /u/Korean_Street_Pizza, 420, Bitcone, r/ConeHeads
2023-09-27 16:59:03, /u/LightninHooker, /u/Dangana1, 2663, Bitcone, r/ConeHeads
2023-09-27 16:59:10, /u/cannainform2, /u/Complete-Tadpole-728, 840, Bitcone, r/ConeHeads
2023-09-27 16:59:23, /u/cannainform2, /u/Atorcran, 138, Bitcone, r/ConeHeads
2023-09-27 17:03:02, /u/Complete-Tadpole-728, /u/cannainform2, 2663, Bitcone, r/ConeHeads
2023-09-27 17:09:08, /u/cannainform2, /u/Complete-Tadpole-728, 5326, Bitcone, r/ConeHeads
2023-09-27 17:11:47, /u/Complete-Tadpole-728, /u/cannainform2, 5326, Bitcone, r/ConeHeads
2023-09-27 17:18:59, /u/cannainform2, /u/milesracer, 1001, Bitcone, r/ConeHeads
2023-09-27 17:26:34, /u/Korean_Street_Pizza, /u/cannainform2, 420, Bitcone, r/ConeHeads
2023-09-27 17:30:22, /u/cannainform2, /u/Korean_Street_Pizza, 840, Bitcone, r/ConeHeads
2023-09-27 17:34:20, /u/Bobby_Juk, /u/saintajoras, 420, Bitcone, r/ConeHeads
2023-09-27 17:35:54, /u/foreignGER, /u/Abrantee1, 420, Bitcone, r/ConeHeads
2023-09-27 17:37:04, /u/transfermymoons, /u/Dangana1, 100000, Bitcone, r/ConeHeads
2023-09-27 17:39:11, /u/transfermymoons, /u/noface_reddit, 50000, Bitcone, r/ConeHeads
2023-09-27 17:40:40, /u/transfermymoons, /u/cannainform2, 50000, Bitcone, r/ConeHeads
2023-09-27 17:43:04, /u/ZukoBih, /u/Abrantee1, 10000, Bitcone, r/ConeHeads
2023-09-27 17:43:04, /u/cannainform2, /u/transfermymoons, 100000, Bitcone, r/ConeHeads
2023-09-27 17:44:21, /u/transfermymoons, /u/cannainform2, 175000, Bitcone, r/ConeHeads
2023-09-27 17:44:48, /u/transfermymoons, /u/Korean_Street_Pizza, 50000, Bitcone, r/ConeHeads
2023-09-27 17:46:37, /u/send420nudes, /u/Korean_Street_Pizza, 4269, Bitcone, r/ConeHeads
2023-09-27 17:50:01, /u/cannainform2, /u/transfermymoons, 200000, Bitcone, r/ConeHeads
2023-09-27 17:53:13, /u/IveDoneItAtLast, /u/Fenrir-1919, 548, Bitcone, r/Bucketheads
2023-09-27 17:54:42, /u/83nno, /u/cannainform2, 2663, Bitcone, r/ConeHeads
2023-09-27 17:58:32, /u/CluelessSurvivor, /u/Korean_Street_Pizza, 2663, Bitcone, r/ConeHeads
2023-09-27 18:11:36, /u/SaberTurret, /u/Korean_Street_Pizza, 2663, Bitcone, r/ConeHeads
2023-09-27 18:19:31, /u/Bitdream200K, /u/XoooX24, 26630, Bitcone, r/ConeHeads
2023-09-27 18:20:07, /u/Crypto-4-Freedom, /u/Skank_cunt_42, 420, Bitcone, r/ConeHeads
2023-09-27 18:23:38, /u/noface_reddit, /u/Degos_diktator, 4200, Bitcone, r/ConeHeads
2023-09-27 18:25:11, /u/noface_reddit, /u/wright6c, 26630, Bitcone, r/ConeHeads
2023-09-27 18:54:52, /u/Ronitn, /u/Jeff5704, 2663, Bitcone, r/ConeHeads
2023-09-27 18:56:25, /u/IveDoneItAtLast, /u/Ginomania, 26630, Bitcone, r/ConeDesk
2023-09-27 19:03:30, /u/thelonliestcrowd, /u/IveDoneItAtLast, 2663, Bitcone, r/Bucketheads
2023-09-27 19:05:53, /u/noface_reddit, /u/avatarbot, 2663, Bitcone, r/ConeHeads
2023-09-27 19:07:17, /u/noface_reddit, /u/Adventurous_Dingo351, 42069, Bitcone, r/ConeHeads
2023-09-27 19:07:35, /u/noface_reddit, /u/Complete-Tadpole-728, 2663, Bitcone, r/ConeHeads
2023-09-27 19:07:53, /u/transfermymoons, /u/cannainform2, 500000, Bitcone, r/ConeHeads
2023-09-27 19:10:28, /u/noface_reddit, /u/Slippytoe, 2663, Bitcone, r/ConeHeads
2023-09-27 19:13:41, /u/send420nudes, /u/Snek-Life, 4269, Bitcone, r/ConeHeads
2023-09-27 19:15:39, /u/cannainform2, /u/transfermymoons, 550000, Bitcone, r/ConeHeads
2023-09-27 19:16:38, /u/noface_reddit, /u/cannainform2, 42000, Bitcone, r/ConeHeads
2023-09-27 19:23:03, /u/Bobby_Juk, /u/Geniuskills, 2663, Bitcone, r/ConeHeads
2023-09-27 19:23:23, /u/Geniuskills, /u/Bobby_Juk, 26630, Bitcone, r/ConeHeads
2023-09-27 19:26:16, /u/ImAlekBan, /u/cannainform2, 2663, Bitcone, r/ConeHeads
2023-09-27 19:27:11, /u/cannainform2, /u/ImAlekBan, 5326, Bitcone, r/ConeHeads
2023-09-27 19:33:30, /u/Ginomania, /u/Geniuskills, 2663, Bitcone, r/ConeHeads
2023-09-27 19:43:42, /u/ImAlekBan, /u/Allions1, 2663, Bitcone, r/ConeHeads
2023-09-27 19:45:03, /u/itsyma, /u/Dangana1, 420, Bitcone, r/ConeHeads
2023-09-27 19:45:31, /u/Allions1, /u/Adventurous_Dingo351, 69, Bitcone, r/ConeDesk
2023-09-27 19:45:44, /u/Unlucky_Narwhal3983, /u/LongCauliflower6791, 100, Bitcone, r/ConeHeads
2023-09-27 19:45:46, /u/Geniuskills, /u/Ginomania, 26630, Bitcone, r/ConeHeads
2023-09-27 19:45:56, /u/Allions1, /u/WiseDude69, 69, Bitcone, r/ConeHeads
2023-09-27 19:46:14, /u/Allions1, /u/DontLaughArt, 69, Bitcone, r/ConeDesk
